<?xml version="1.0" encoding="UTF-8"?>
<LightningComponentBundle xmlns="http://soap.sforce.com/2006/04/metadata">
  <apiVersion>47.0</apiVersion>
  <isExposed>true</isExposed>
  <masterLabel>Similar  Boats</masterLabel>
  <description>Similar boat component.</description>
  <targets>
      <target>lightning__RecordPage</target>
      <target>lightning__AppPage</target>
      <target>lightning__HomePage</target>
  </targets>
  <targetConfigs>
      <targetConfig targets="lightning__RecordPage">
          <property label="Enter the property you want to compare by" name="similarBy" type="String" datasource="Type,Price,Length" default="Type"/>
          <objects>
            <object>Boat__c</object>
        </objects>
      </targetConfig>
  </targetConfigs>
</LightningComponentBundle>